agency_cd	site_no	parameter_cd	dd_nu	year_nu	month_nu	mean_va
USGS	14064500	00060	5	1924	3	1367
USGS	14064500	00060	5	1924	4	1407
USGS	14064500	00060	5	1924	5	1274
USGS	14064500	00060	5	1924	6	1367
USGS	14064500	00060	5	1924	7	1239
USGS	14064500	00060	5	1924	8	1165
USGS	14064500	00060	5	1924	9	1096
USGS	14064500	00060	5	1924	10	1066
USGS	14064500	00060	5	1924	11	1203
USGS	14064500	00060	5	1924	12	1073
USGS	14064500	00060	5	1925	1	1166
USGS	14064500	00060	5	1925	2	1451
USGS	14064500	00060	5	1925	3	1294
USGS	14064500	00060	5	1925	4	1511
USGS	14064500	00060	5	1925	5	1669
USGS	14064500	00060	5	1925	6	1615
USGS	14064500	00060	5	1925	7	1534
USGS	14064500	00060	5	1925	8	1614
USGS	14064500	00060	5	1925	9	1466
USGS	14064500	00060	5	1925	10	1390
USGS	14064500	00060	5	1925	11	1350
USGS	14064500	00060	5	1925	12	1315
USGS	14064500	00060	5	1926	1	1226
USGS	14064500	00060	5	1926	2	1303
USGS	14064500	00060	5	1926	3	1254
USGS	14064500	00060	5	1926	4	1226
USGS	14064500	00060	5	1926	5	1216
USGS	14064500	00060	5	1926	6	1171
USGS	14064500	00060	5	1926	7	1236
USGS	14064500	00060	5	1926	8	1110
USGS	14064500	00060	5	1926	9	1049
USGS	14064500	00060	5	1926	10	1049
USGS	14064500	00060	5	1926	11	1125
USGS	14064500	00060	5	1926	12	1218
USGS	14064500	00060	5	1927	1	1145
USGS	14064500	00060	5	1927	2	1185
USGS	14064500	00060	5	1927	3	1284
USGS	14064500	00060	5	1927	4	1346
USGS	14064500	00060	5	1927	5	1669
USGS	14064500	00060	5	1927	6	1558
USGS	14064500	00060	5	1927	7	1420
USGS	14064500	00060	5	1927	8	1516
USGS	14064500	00060	5	1927	9	1453
USGS	14064500	00060	5	1927	10	1396
USGS	14064500	00060	5	1927	11	1454
USGS	14064500	00060	5	1927	12	1519
USGS	14064500	00060	5	1928	1	1423
USGS	14064500	00060	5	1928	2	1357
USGS	14064500	00060	5	1928	3	1450
USGS	14064500	00060	5	1928	4	1512
USGS	14064500	00060	5	1928	5	1576
USGS	14064500	00060	5	1928	6	1517
USGS	14064500	00060	5	1928	7	1480
USGS	14064500	00060	5	1928	8	1487
USGS	14064500	00060	5	1928	9	1320
USGS	14064500	00060	5	1928	10	1225
USGS	14064500	00060	5	1928	11	1227
USGS	14064500	00060	5	1928	12	1162
USGS	14064500	00060	5	1929	1	1109
USGS	14064500	00060	5	1929	2	1030
USGS	14064500	00060	5	1929	3	1155
USGS	14064500	00060	5	1929	4	1134
USGS	14064500	00060	5	1929	5	1205
USGS	14064500	00060	5	1929	6	1290
USGS	14064500	00060	5	1929	7	1254
USGS	14064500	00060	5	1929	8	1234
USGS	14064500	00060	5	1929	9	1118
USGS	14064500	00060	5	1929	10	1051
USGS	14064500	00060	5	1929	11	1020
USGS	14064500	00060	5	1929	12	1119
USGS	14064500	00060	5	1930	1	989.4
USGS	14064500	00060	5	1930	2	1171
USGS	14064500	00060	5	1930	3	1105
USGS	14064500	00060	5	1930	4	1106
USGS	14064500	00060	5	1930	5	1106
USGS	14064500	00060	5	1930	6	1227
USGS	14064500	00060	5	1930	7	1247
USGS	14064500	00060	5	1930	8	1038
USGS	14064500	00060	5	1930	9	968.3
USGS	14064500	00060	5	1930	10	956.2
USGS	14064500	00060	5	1930	11	938.6
USGS	14064500	00060	5	1930	12	855.2
USGS	14064500	00060	5	1931	1	831.2
USGS	14064500	00060	5	1931	2	846.8
USGS	14064500	00060	5	1931	3	889.4
USGS	14064500	00060	5	1931	4	931.9
USGS	14064500	00060	5	1931	5	940.1
USGS	14064500	00060	5	1931	6	1037
USGS	14064500	00060	5	1931	7	1029
USGS	14064500	00060	5	1931	8	931.5
USGS	14064500	00060	5	1931	9	854.3
USGS	14064500	00060	5	1931	10	829.4
USGS	14064500	00060	5	1931	11	850.4
USGS	14064500	00060	5	1931	12	843.5
USGS	14064500	00060	5	1932	1	797.2
USGS	14064500	00060	5	1932	2	799.5
USGS	14064500	00060	5	1932	3	917.6
USGS	14064500	00060	5	1932	4	1060
USGS	14064500	00060	5	1932	5	1241
USGS	14064500	00060	5	1932	6	1259
USGS	14064500	00060	5	1932	7	1285
USGS	14064500	00060	5	1932	8	1250
USGS	14064500	00060	5	1932	9	1100
USGS	14064500	00060	5	1932	10	1079
USGS	14064500	00060	5	1932	11	1095
USGS	14064500	00060	5	1932	12	992.7
USGS	14064500	00060	5	1933	1	991.9
USGS	14064500	00060	5	1933	2	935.0
USGS	14064500	00060	5	1933	3	959.4
USGS	14064500	00060	5	1933	4	1108
USGS	14064500	00060	5	1933	5	1219
USGS	14064500	00060	5	1933	6	1576
USGS	14064500	00060	5	1933	7	1454
USGS	14064500	00060	5	1933	8	1617
USGS	14064500	00060	5	1933	9	1331
USGS	14064500	00060	5	1933	10	1275
USGS	14064500	00060	5	1933	11	1229
USGS	14064500	00060	5	1933	12	1210
USGS	14064500	00060	5	1934	1	1226
USGS	14064500	00060	5	1934	2	1154
USGS	14064500	00060	5	1934	3	1138
USGS	14064500	00060	5	1934	4	1248
USGS	14064500	00060	5	1934	5	1162
USGS	14064500	00060	5	1934	6	1303
USGS	14064500	00060	5	1934	7	1413
USGS	14064500	00060	5	1934	8	1378
USGS	14064500	00060	5	1934	9	1105
USGS	14064500	00060	5	1934	10	896.3
USGS	14064500	00060	5	1934	11	898.1
USGS	14064500	00060	5	1934	12	936.1
USGS	14064500	00060	5	1935	1	878.4
USGS	14064500	00060	5	1935	2	903.7
USGS	14064500	00060	5	1935	3	911.2
USGS	14064500	00060	5	1935	4	1062
USGS	14064500	00060	5	1935	5	1321
USGS	14064500	00060	5	1935	6	1350
USGS	14064500	00060	5	1935	7	1545
USGS	14064500	00060	5	1935	8	1463
USGS	14064500	00060	5	1935	9	1232
USGS	14064500	00060	5	1935	10	1077
USGS	14064500	00060	5	1935	11	915.1
USGS	14064500	00060	5	1935	12	913.3
USGS	14064500	00060	5	1936	1	984.2
USGS	14064500	00060	5	1936	2	968.8
USGS	14064500	00060	5	1936	3	1097
USGS	14064500	00060	5	1936	4	1231
USGS	14064500	00060	5	1936	5	1516
USGS	14064500	00060	5	1936	6	1432
USGS	14064500	00060	5	1936	7	1604
USGS	14064500	00060	5	1936	8	1539
USGS	14064500	00060	5	1936	9	1230
USGS	14064500	00060	5	1936	10	1146
USGS	14064500	00060	5	1936	11	963.7
USGS	14064500	00060	5	1936	12	979.4
USGS	14064500	00060	5	1937	1	986.2
USGS	14064500	00060	5	1937	2	979.3
USGS	14064500	00060	5	1937	3	1056
USGS	14064500	00060	5	1937	4	1180
USGS	14064500	00060	5	1937	5	1350
USGS	14064500	00060	5	1937	6	1425
USGS	14064500	00060	5	1937	7	1578
USGS	14064500	00060	5	1937	8	1517
USGS	14064500	00060	5	1937	9	1210
USGS	14064500	00060	5	1937	10	1018
USGS	14064500	00060	5	1937	11	951.2
USGS	14064500	00060	5	1937	12	1025
USGS	14064500	00060	5	1938	1	1037
USGS	14064500	00060	5	1938	2	1180
USGS	14064500	00060	5	1938	3	1291
USGS	14064500	00060	5	1938	4	1411
USGS	14064500	00060	5	1938	5	1763
USGS	14064500	00060	5	1938	6	1594
USGS	14064500	00060	5	1938	7	1647
USGS	14064500	00060	5	1938	8	1671
USGS	14064500	00060	5	1938	9	1523
USGS	14064500	00060	5	1938	10	1367
USGS	14064500	00060	5	1938	11	1309
USGS	14064500	00060	5	1938	12	1064
USGS	14064500	00060	5	1939	1	1034
USGS	14064500	00060	5	1939	2	1032
USGS	14064500	00060	5	1939	3	1130
USGS	14064500	00060	5	1939	4	1286
USGS	14064500	00060	5	1939	5	1445
USGS	14064500	00060	5	1939	6	1504
USGS	14064500	00060	5	1939	7	1574
USGS	14064500	00060	5	1939	8	1426
USGS	14064500	00060	5	1939	9	1109
USGS	14064500	00060	5	1939	10	953.1
USGS	14064500	00060	5	1939	11	893.7
USGS	14064500	00060	5	1939	12	934.5
USGS	14064500	00060	5	1940	1	937.2
USGS	14064500	00060	5	1940	2	1006
USGS	14064500	00060	5	1940	3	1090
USGS	14064500	00060	5	1940	4	1158
USGS	14064500	00060	5	1940	5	1220
USGS	14064500	00060	5	1940	6	1393
USGS	14064500	00060	5	1940	7	1357
USGS	14064500	00060	5	1940	8	1126
USGS	14064500	00060	5	1940	9	1003
USGS	14064500	00060	5	1940	10	961.1
USGS	14064500	00060	5	1940	11	851.5
USGS	14064500	00060	5	1940	12	844.4
USGS	14064500	00060	5	1941	1	833.2
USGS	14064500	00060	5	1941	2	842.1
USGS	14064500	00060	5	1941	3	864.5
USGS	14064500	00060	5	1941	4	837.1
USGS	14064500	00060	5	1941	5	1078
USGS	14064500	00060	5	1941	6	1089
USGS	14064500	00060	5	1941	7	1110
USGS	14064500	00060	5	1941	8	930.5
USGS	14064500	00060	5	1941	9	850.3
USGS	14064500	00060	5	1941	10	830.0
USGS	14064500	00060	5	1941	11	782.7
USGS	14064500	00060	5	1941	12	842.8
USGS	14064500	00060	5	1942	1	782.3
USGS	14064500	00060	5	1942	2	810.1
USGS	14064500	00060	5	1942	3	829.2
USGS	14064500	00060	5	1942	4	927.3
USGS	14064500	00060	5	1942	5	963.5
USGS	14064500	00060	5	1942	6	1042
USGS	14064500	00060	5	1942	7	1313
USGS	14064500	00060	5	1942	8	1135
USGS	14064500	00060	5	1942	9	919.9
USGS	14064500	00060	5	1943	10	1574
USGS	14064500	00060	5	1943	11	1540
USGS	14064500	00060	5	1943	12	1360
USGS	14064500	00060	5	1944	1	1318
USGS	14064500	00060	5	1944	2	1231
USGS	14064500	00060	5	1944	3	1134
USGS	14064500	00060	5	1944	4	947.8
USGS	14064500	00060	5	1944	5	1271
USGS	14064500	00060	5	1944	6	1385
USGS	14064500	00060	5	1944	7	1489
USGS	14064500	00060	5	1944	8	1403
USGS	14064500	00060	5	1944	9	1256
USGS	14064500	00060	5	1944	10	995.8
USGS	14064500	00060	5	1944	11	698.9
USGS	14064500	00060	5	1944	12	686.9
USGS	14064500	00060	5	1945	1	723.3
USGS	14064500	00060	5	1945	2	742.4
USGS	14064500	00060	5	1945	3	642.4
USGS	14064500	00060	5	1945	4	950.6
USGS	14064500	00060	5	1945	5	1199
USGS	14064500	00060	5	1945	6	1264
USGS	14064500	00060	5	1945	7	1534
USGS	14064500	00060	5	1945	8	1496
USGS	14064500	00060	5	1945	9	1302
USGS	14064500	00060	5	1945	10	1192
USGS	14064500	00060	5	1945	11	933.2
USGS	14064500	00060	5	1945	12	705.6
USGS	14064500	00060	5	1946	1	819.1
USGS	14064500	00060	5	1946	2	707.7
USGS	14064500	00060	5	1946	3	799.1
USGS	14064500	00060	5	1946	4	947.3
USGS	14064500	00060	5	1946	5	1673
USGS	14064500	00060	5	1946	6	1689
USGS	14064500	00060	5	1946	7	1757
USGS	14064500	00060	5	1946	8	1916
USGS	14064500	00060	5	1946	9	1855
USGS	14064500	00060	5	1946	10	1641
USGS	14064500	00060	5	1946	11	1083
USGS	14064500	00060	5	1946	12	985.3
USGS	14064500	00060	5	1947	1	842.8
USGS	14064500	00060	5	1947	2	952.5
USGS	14064500	00060	5	1947	3	1053
USGS	14064500	00060	5	1947	4	1259
USGS	14064500	00060	5	1947	5	1622
USGS	14064500	00060	5	1947	6	1618
USGS	14064500	00060	5	1947	7	1892
USGS	14064500	00060	5	1947	8	1718
USGS	14064500	00060	5	1947	9	1541
USGS	14064500	00060	5	1947	10	1294
USGS	14064500	00060	5	1947	11	635.4
USGS	14064500	00060	5	1947	12	669.6
USGS	14064500	00060	5	1948	1	609.3
USGS	14064500	00060	5	1948	2	591.1
USGS	14064500	00060	5	1948	3	580.5
USGS	14064500	00060	5	1948	4	901.6
USGS	14064500	00060	5	1948	5	1408
USGS	14064500	00060	5	1948	6	1640
USGS	14064500	00060	5	1948	7	2215
USGS	14064500	00060	5	1948	8	2027
USGS	14064500	00060	5	1948	9	2032
USGS	14064500	00060	5	1948	10	1326
USGS	14064500	00060	5	1948	11	583.7
USGS	14064500	00060	5	1948	12	569.4
USGS	14064500	00060	5	1949	1	542.9
USGS	14064500	00060	5	1949	2	651.8
USGS	14064500	00060	5	1949	3	795.5
USGS	14064500	00060	5	1949	4	1172
USGS	14064500	00060	5	1949	5	2005
USGS	14064500	00060	5	1949	6	2189
USGS	14064500	00060	5	1949	7	2413
USGS	14064500	00060	5	1949	8	2137
USGS	14064500	00060	5	1949	9	1920
USGS	14064500	00060	5	1949	10	1075
USGS	14064500	00060	5	1949	11	598.4
USGS	14064500	00060	5	1949	12	611.3
USGS	14064500	00060	5	1950	1	579.7
USGS	14064500	00060	5	1950	2	780.2
USGS	14064500	00060	5	1950	3	1126
USGS	14064500	00060	5	1950	4	1425
USGS	14064500	00060	5	1950	5	2178
USGS	14064500	00060	5	1950	6	2342
USGS	14064500	00060	5	1950	7	2640
USGS	14064500	00060	5	1950	8	2547
USGS	14064500	00060	5	1950	9	2272
USGS	14064500	00060	5	1950	10	1241
USGS	14064500	00060	5	1950	11	892.4
USGS	14064500	00060	5	1950	12	1072
USGS	14064500	00060	5	1951	1	1063
USGS	14064500	00060	5	1951	2	1620
USGS	14064500	00060	5	1951	3	1585
USGS	14064500	00060	5	1951	4	1903
USGS	14064500	00060	5	1951	5	2197
USGS	14064500	00060	5	1951	6	2541
USGS	14064500	00060	5	1951	7	2716
USGS	14064500	00060	5	1951	8	2711
USGS	14064500	00060	5	1951	9	2316
USGS	14064500	00060	5	1951	10	1899
USGS	14064500	00060	5	1951	11	1218
USGS	14064500	00060	5	1951	12	893.5
USGS	14064500	00060	5	1952	1	830.6
USGS	14064500	00060	5	1952	2	947.1
USGS	14064500	00060	5	1952	3	1422
USGS	14064500	00060	5	1952	4	2103
USGS	14064500	00060	5	1952	5	2445
USGS	14064500	00060	5	1952	6	3017
USGS	14064500	00060	5	1952	7	2926
USGS	14064500	00060	5	1952	8	2795
USGS	14064500	00060	5	1952	9	2224
USGS	14064500	00060	5	1952	10	1727
USGS	14064500	00060	5	1952	11	741.4
USGS	14064500	00060	5	1952	12	701.3
USGS	14064500	00060	5	1953	1	910.0
USGS	14064500	00060	5	1953	2	1134
USGS	14064500	00060	5	1953	3	1095
USGS	14064500	00060	5	1953	4	1507
USGS	14064500	00060	5	1953	5	2153
USGS	14064500	00060	5	1953	6	2123
USGS	14064500	00060	5	1953	7	2812
USGS	14064500	00060	5	1953	8	2591
USGS	14064500	00060	5	1953	9	2144
USGS	14064500	00060	5	1953	10	1513
USGS	14064500	00060	5	1953	11	1112
USGS	14064500	00060	5	1953	12	1264
USGS	14064500	00060	5	1954	1	1353
USGS	14064500	00060	5	1954	2	1500
USGS	14064500	00060	5	1954	3	1505
USGS	14064500	00060	5	1954	4	1898
USGS	14064500	00060	5	1954	5	2471
USGS	14064500	00060	5	1954	6	2259
USGS	14064500	00060	5	1954	7	2860
USGS	14064500	00060	5	1954	8	2545
USGS	14064500	00060	5	1954	9	1970
USGS	14064500	00060	5	1954	10	1248
USGS	14064500	00060	5	1954	11	807.8
USGS	14064500	00060	5	1954	12	823.6
USGS	14064500	00060	5	1955	1	1041
USGS	14064500	00060	5	1955	2	1214
USGS	14064500	00060	5	1955	3	1355
USGS	14064500	00060	5	1955	4	1552
USGS	14064500	00060	5	1955	5	2013
USGS	14064500	00060	5	1955	6	2549
USGS	14064500	00060	5	1955	7	2515
USGS	14064500	00060	5	1955	8	2498
USGS	14064500	00060	5	1955	9	1917
USGS	14064500	00060	5	1955	10	1342
USGS	14064500	00060	5	1955	11	719.0
USGS	14064500	00060	5	1955	12	934.6
USGS	14064500	00060	5	1956	1	1037
USGS	14064500	00060	5	1956	2	848.7
USGS	14064500	00060	5	1956	3	938.0
USGS	14064500	00060	5	1956	4	1769
USGS	14064500	00060	5	1956	5	2521
USGS	14064500	00060	5	1956	6	2543
USGS	14064500	00060	5	1956	7	2901
USGS	14064500	00060	5	1956	8	2726
USGS	14064500	00060	5	1956	9	2486
USGS	14064500	00060	5	1956	10	2089
USGS	14064500	00060	5	1956	11	1071
USGS	14064500	00060	5	1956	12	1086
USGS	14064500	00060	5	1957	1	1133
USGS	14064500	00060	5	1957	2	1462
USGS	14064500	00060	5	1957	3	1968
USGS	14064500	00060	5	1957	4	1931
USGS	14064500	00060	5	1957	5	2269
USGS	14064500	00060	5	1957	6	2814
USGS	14064500	00060	5	1957	7	2938
USGS	14064500	00060	5	1957	8	2655
USGS	14064500	00060	5	1957	9	2265
USGS	14064500	00060	5	1957	10	1284
USGS	14064500	00060	5	1957	11	864.3
USGS	14064500	00060	5	1957	12	914.0
USGS	14064500	00060	5	1958	1	909.4
USGS	14064500	00060	5	1958	2	1379
USGS	14064500	00060	5	1958	3	1369
USGS	14064500	00060	5	1958	4	1499
USGS	14064500	00060	5	1958	5	2474
USGS	14064500	00060	5	1958	6	2398
USGS	14064500	00060	5	1958	7	2800
USGS	14064500	00060	5	1958	8	2729
USGS	14064500	00060	5	1958	9	2243
USGS	14064500	00060	5	1958	10	1693
USGS	14064500	00060	5	1958	11	953.0
USGS	14064500	00060	5	1958	12	947.0
USGS	14064500	00060	5	1959	1	978.5
USGS	14064500	00060	5	1959	2	1081
USGS	14064500	00060	5	1959	3	1149
USGS	14064500	00060	5	1959	4	1809
USGS	14064500	00060	5	1959	5	2114
USGS	14064500	00060	5	1959	6	2512
USGS	14064500	00060	5	1959	7	2590
USGS	14064500	00060	5	1959	8	2391
USGS	14064500	00060	5	1959	9	1829
USGS	14064500	00060	5	1959	10	1192
USGS	14064500	00060	5	1959	11	634.4
USGS	14064500	00060	5	1959	12	612.6
USGS	14064500	00060	5	1960	1	603.2
USGS	14064500	00060	5	1960	2	668.4
USGS	14064500	00060	5	1960	3	737.6
USGS	14064500	00060	5	1960	4	1352
USGS	14064500	00060	5	1960	5	1997
USGS	14064500	00060	5	1960	6	2593
USGS	14064500	00060	5	1960	7	2634
USGS	14064500	00060	5	1960	8	2295
USGS	14064500	00060	5	1960	9	1897
USGS	14064500	00060	5	1960	10	1134
USGS	14064500	00060	5	1960	11	658.9
USGS	14064500	00060	5	1960	12	656.3
USGS	14064500	00060	5	1961	1	593.0
USGS	14064500	00060	5	1961	2	757.6
USGS	14064500	00060	5	1961	3	692.5
USGS	14064500	00060	5	1961	4	1077
USGS	14064500	00060	5	1961	5	1782
USGS	14064500	00060	5	1961	6	2257
USGS	14064500	00060	5	1961	7	2583
USGS	14064500	00060	5	1961	8	2356
USGS	14064500	00060	5	1961	9	1850
USGS	14064500	00060	5	1961	10	1080
USGS	14064500	00060	5	1961	11	622.5
USGS	14064500	00060	5	1961	12	631.7
USGS	14064500	00060	5	1962	1	617.1
USGS	14064500	00060	5	1962	2	652.4
USGS	14064500	00060	5	1962	3	642.0
USGS	14064500	00060	5	1962	4	1271
USGS	14064500	00060	5	1962	5	1710
USGS	14064500	00060	5	1962	6	2301
USGS	14064500	00060	5	1962	7	2529
USGS	14064500	00060	5	1962	8	2279
USGS	14064500	00060	5	1962	9	1894
USGS	14064500	00060	5	1962	10	932.4
USGS	14064500	00060	5	1962	11	658.1
USGS	14064500	00060	5	1962	12	697.3
USGS	14064500	00060	5	1963	1	583.3
USGS	14064500	00060	5	1963	2	875.2
USGS	14064500	00060	5	1963	3	735.0
USGS	14064500	00060	5	1963	4	1153
USGS	14064500	00060	5	1963	5	1816
USGS	14064500	00060	5	1963	6	2395
USGS	14064500	00060	5	1963	7	2379
USGS	14064500	00060	5	1963	8	2306
USGS	14064500	00060	5	1963	9	1805
USGS	14064500	00060	5	1963	10	1001
USGS	14064500	00060	5	1963	11	649.1
USGS	14064500	00060	5	1963	12	594.0
USGS	14064500	00060	5	1964	1	591.5
USGS	14064500	00060	5	1964	2	590.1
USGS	14064500	00060	5	1964	3	612.2
USGS	14064500	00060	5	1964	4	1360
USGS	14064500	00060	5	1964	5	1960
USGS	14064500	00060	5	1964	6	2055
USGS	14064500	00060	5	1964	7	2429
USGS	14064500	00060	5	1964	8	2254
USGS	14064500	00060	5	1964	9	1765
USGS	14064500	00060	5	1964	10	1044
USGS	14064500	00060	5	1964	11	583.1
USGS	14064500	00060	5	1964	12	1166
USGS	14064500	00060	5	1965	1	1083
USGS	14064500	00060	5	1965	2	1073
USGS	14064500	00060	5	1965	3	1125
USGS	14064500	00060	5	1965	4	1602
USGS	14064500	00060	5	1965	5	2083
USGS	14064500	00060	5	1965	6	2181
USGS	14064500	00060	5	1965	7	2420
USGS	14064500	00060	5	1965	8	2198
USGS	14064500	00060	5	1965	9	1891
USGS	14064500	00060	5	1965	10	1275
USGS	14064500	00060	5	1965	11	868.1
USGS	14064500	00060	5	1965	12	857.2
USGS	14064500	00060	5	1966	1	1259
USGS	14064500	00060	5	1966	2	1213
USGS	14064500	00060	5	1966	3	1105
USGS	14064500	00060	5	1966	4	1684
USGS	14064500	00060	5	1966	5	2176
USGS	14064500	00060	5	1966	6	2195
USGS	14064500	00060	5	1966	7	2211
USGS	14064500	00060	5	1966	8	2373
USGS	14064500	00060	5	1966	9	1856
USGS	14064500	00060	5	1966	10	1113
USGS	14064500	00060	5	1966	11	656.7
USGS	14064500	00060	5	1966	12	653.0
USGS	14064500	00060	5	1967	1	620.0
USGS	14064500	00060	5	1967	2	654.5
USGS	14064500	00060	5	1967	3	664.7
USGS	14064500	00060	5	1967	4	1039
USGS	14064500	00060	5	1967	5	2002
USGS	14064500	00060	5	1967	6	2114
USGS	14064500	00060	5	1967	7	2453
USGS	14064500	00060	5	1967	8	2253
USGS	14064500	00060	5	1967	9	1880
USGS	14064500	00060	5	1967	10	901.5
USGS	14064500	00060	5	1967	11	558.0
USGS	14064500	00060	5	1967	12	545.1
USGS	14064500	00060	5	1968	1	557.5
USGS	14064500	00060	5	1968	2	665.9
USGS	14064500	00060	5	1968	3	682.8
USGS	14064500	00060	5	1968	4	995.2
USGS	14064500	00060	5	1968	5	1700
USGS	14064500	00060	5	1968	6	2129
USGS	14064500	00060	5	1968	7	2178
USGS	14064500	00060	5	1968	8	1844
USGS	14064500	00060	5	1968	9	1497
USGS	14064500	00060	5	1968	10	892.9
USGS	14064500	00060	5	1968	11	573.8
USGS	14064500	00060	5	1968	12	543.3
USGS	14064500	00060	5	1969	1	558.7
USGS	14064500	00060	5	1969	2	514.5
USGS	14064500	00060	5	1969	3	541.9
USGS	14064500	00060	5	1969	4	966.4
USGS	14064500	00060	5	1969	5	1627
USGS	14064500	00060	5	1969	6	1965
USGS	14064500	00060	5	1969	7	2389
USGS	14064500	00060	5	1969	8	2348
USGS	14064500	00060	5	1969	9	1680
USGS	14064500	00060	5	1969	10	950.8
USGS	14064500	00060	5	1969	11	486.7
USGS	14064500	00060	5	1969	12	519.7
USGS	14064500	00060	5	1970	1	701.3
USGS	14064500	00060	5	1970	2	692.5
USGS	14064500	00060	5	1970	3	649.5
USGS	14064500	00060	5	1970	4	1082
USGS	14064500	00060	5	1970	5	1829
USGS	14064500	00060	5	1970	6	2234
USGS	14064500	00060	5	1970	7	2329
USGS	14064500	00060	5	1970	8	2199
USGS	14064500	00060	5	1970	9	1823
USGS	14064500	00060	5	1970	10	1082
USGS	14064500	00060	5	1970	11	605.1
USGS	14064500	00060	5	1970	12	583.1
USGS	14064500	00060	5	1971	1	753.4
USGS	14064500	00060	5	1971	2	804.0
USGS	14064500	00060	5	1971	3	730.2
USGS	14064500	00060	5	1971	4	1085
USGS	14064500	00060	5	1971	5	1867
USGS	14064500	00060	5	1971	6	2211
USGS	14064500	00060	5	1971	7	2526
USGS	14064500	00060	5	1971	8	2306
USGS	14064500	00060	5	1971	9	1997
USGS	14064500	00060	5	1971	10	1042
USGS	14064500	00060	5	1971	11	904.3
USGS	14064500	00060	5	1971	12	1029
USGS	14064500	00060	5	1972	1	1090
USGS	14064500	00060	5	1972	2	1278
USGS	14064500	00060	5	1972	3	2068
USGS	14064500	00060	5	1972	4	1767
USGS	14064500	00060	5	1972	5	2021
USGS	14064500	00060	5	1972	6	2409
USGS	14064500	00060	5	1972	7	2510
USGS	14064500	00060	5	1972	8	2297
USGS	14064500	00060	5	1972	9	2323
USGS	14064500	00060	5	1972	10	1598
USGS	14064500	00060	5	1972	11	1315
USGS	14064500	00060	5	1972	12	1223
USGS	14064500	00060	5	1973	1	1353
USGS	14064500	00060	5	1973	2	1345
USGS	14064500	00060	5	1973	3	1090
USGS	14064500	00060	5	1973	4	1618
USGS	14064500	00060	5	1973	5	2235
USGS	14064500	00060	5	1973	6	2420
USGS	14064500	00060	5	1973	7	2508
USGS	14064500	00060	5	1973	8	2146
USGS	14064500	00060	5	1973	9	1576
USGS	14064500	00060	5	1973	10	979.1
USGS	14064500	00060	5	1973	11	743.1
USGS	14064500	00060	5	1973	12	743.9
USGS	14064500	00060	5	1974	1	877.1
USGS	14064500	00060	5	1974	2	798.1
USGS	14064500	00060	5	1974	3	847.5
USGS	14064500	00060	5	1974	4	1406
USGS	14064500	00060	5	1974	5	2065
USGS	14064500	00060	5	1974	6	2591
USGS	14064500	00060	5	1974	7	2421
USGS	14064500	00060	5	1974	8	2255
USGS	14064500	00060	5	1974	9	2195
USGS	14064500	00060	5	1974	10	1338
USGS	14064500	00060	5	1974	11	928.1
USGS	14064500	00060	5	1974	12	1083
USGS	14064500	00060	5	1975	1	1540
USGS	14064500	00060	5	1975	2	1571
USGS	14064500	00060	5	1975	3	1479
USGS	14064500	00060	5	1975	4	1473
USGS	14064500	00060	5	1975	5	2139
USGS	14064500	00060	5	1975	6	2535
USGS	14064500	00060	5	1975	7	2569
USGS	14064500	00060	5	1975	8	2239
USGS	14064500	00060	5	1975	9	1942
USGS	14064500	00060	5	1975	10	1301
USGS	14064500	00060	5	1975	11	972.6
USGS	14064500	00060	5	1975	12	1248
USGS	14064500	00060	5	1976	1	1436
USGS	14064500	00060	5	1976	2	1436
USGS	14064500	00060	5	1976	3	1352
USGS	14064500	00060	5	1976	4	1467
USGS	14064500	00060	5	1976	5	2301
USGS	14064500	00060	5	1976	6	2467
USGS	14064500	00060	5	1976	7	2569
USGS	14064500	00060	5	1976	8	2040
USGS	14064500	00060	5	1976	9	1936
USGS	14064500	00060	5	1976	10	1367
USGS	14064500	00060	5	1976	11	948.7
USGS	14064500	00060	5	1976	12	1058
USGS	14064500	00060	5	1977	1	944.5
USGS	14064500	00060	5	1977	2	705.9
USGS	14064500	00060	5	1977	3	796.0
USGS	14064500	00060	5	1977	4	1480
USGS	14064500	00060	5	1977	5	1602
USGS	14064500	00060	5	1977	6	2097
USGS	14064500	00060	5	1977	7	2144
USGS	14064500	00060	5	1977	8	1910
USGS	14064500	00060	5	1977	9	1579
USGS	14064500	00060	5	1977	10	645.9
USGS	14064500	00060	5	1977	11	607.9
USGS	14064500	00060	5	1977	12	931.0
USGS	14064500	00060	5	1978	1	695.5
USGS	14064500	00060	5	1978	2	666.7
USGS	14064500	00060	5	1978	3	698.7
USGS	14064500	00060	5	1978	4	1034
USGS	14064500	00060	5	1978	5	1571
USGS	14064500	00060	5	1978	6	2044
USGS	14064500	00060	5	1978	7	2066
USGS	14064500	00060	5	1978	8	1956
USGS	14064500	00060	5	1978	9	1599
USGS	14064500	00060	5	1978	10	879.9
USGS	14064500	00060	5	1978	11	564.7
USGS	14064500	00060	5	1978	12	588.4
USGS	14064500	00060	5	1979	1	583.4
USGS	14064500	00060	5	1979	2	620.5
USGS	14064500	00060	5	1979	3	710.9
USGS	14064500	00060	5	1979	4	915.9
USGS	14064500	00060	5	1979	5	2010
USGS	14064500	00060	5	1979	6	2233
USGS	14064500	00060	5	1979	7	2297
USGS	14064500	00060	5	1979	8	1900
USGS	14064500	00060	5	1979	9	1709
USGS	14064500	00060	5	1979	10	989.4
USGS	14064500	00060	5	1979	11	544.0
USGS	14064500	00060	5	1979	12	560.4
USGS	14064500	00060	5	1980	1	663.5
USGS	14064500	00060	5	1980	2	638.7
USGS	14064500	00060	5	1980	3	634.6
USGS	14064500	00060	5	1980	4	984.8
USGS	14064500	00060	5	1980	5	1725
USGS	14064500	00060	5	1980	6	1900
USGS	14064500	00060	5	1980	7	2188
USGS	14064500	00060	5	1980	8	2005
USGS	14064500	00060	5	1980	9	1548
USGS	14064500	00060	5	1980	10	834.5
USGS	14064500	00060	5	1980	11	518.7
USGS	14064500	00060	5	1980	12	575.2
USGS	14064500	00060	5	1981	1	579.7
USGS	14064500	00060	5	1981	2	627.1
USGS	14064500	00060	5	1981	3	571.3
USGS	14064500	00060	5	1981	4	906.4
USGS	14064500	00060	5	1981	5	1538
USGS	14064500	00060	5	1981	6	1829
USGS	14064500	00060	5	1981	7	1985
USGS	14064500	00060	5	1981	8	1864
USGS	14064500	00060	5	1981	9	1717
USGS	14064500	00060	5	1981	10	765.9
USGS	14064500	00060	5	1981	11	525.3
USGS	14064500	00060	5	1981	12	806.2
USGS	14064500	00060	5	1982	1	607.7
USGS	14064500	00060	5	1982	2	882.8
USGS	14064500	00060	5	1982	3	894.0
USGS	14064500	00060	5	1982	4	1065
USGS	14064500	00060	5	1982	5	2002
USGS	14064500	00060	5	1982	6	2161
USGS	14064500	00060	5	1982	7	1970
USGS	14064500	00060	5	1982	8	2091
USGS	14064500	00060	5	1982	9	1721
USGS	14064500	00060	5	1982	10	883.4
USGS	14064500	00060	5	1982	11	644.2
USGS	14064500	00060	5	1982	12	943.7
USGS	14064500	00060	5	1983	1	1404
USGS	14064500	00060	5	1983	2	1511
USGS	14064500	00060	5	1983	3	1448
USGS	14064500	00060	5	1983	4	1457
USGS	14064500	00060	5	1983	5	1939
USGS	14064500	00060	5	1983	6	2284
USGS	14064500	00060	5	1983	7	2127
USGS	14064500	00060	5	1983	8	2149
USGS	14064500	00060	5	1983	9	1803
USGS	14064500	00060	5	1983	10	1230
USGS	14064500	00060	5	1983	11	1150
USGS	14064500	00060	5	1983	12	1199
USGS	14064500	00060	5	1984	1	1413
USGS	14064500	00060	5	1984	2	1493
USGS	14064500	00060	5	1984	3	1568
USGS	14064500	00060	5	1984	4	1796
USGS	14064500	00060	5	1984	5	1937
USGS	14064500	00060	5	1984	6	2149
USGS	14064500	00060	5	1984	7	2373
USGS	14064500	00060	5	1984	8	2215
USGS	14064500	00060	5	1984	9	1946
USGS	14064500	00060	5	1984	10	1473
USGS	14064500	00060	5	1984	11	1249
USGS	14064500	00060	5	1984	12	1662
USGS	14064500	00060	5	1985	1	1489
USGS	14064500	00060	5	1985	2	1191
USGS	14064500	00060	5	1985	3	1036
USGS	14064500	00060	5	1985	4	1424
USGS	14064500	00060	5	1985	5	2063
USGS	14064500	00060	5	1985	6	2182
USGS	14064500	00060	5	1985	7	2475
USGS	14064500	00060	5	1985	8	2111
USGS	14064500	00060	5	1985	9	1511
USGS	14064500	00060	5	1985	10	972.9
USGS	14064500	00060	5	1985	11	622.9
USGS	14064500	00060	5	1985	12	603.6
USGS	14064500	00060	5	1986	1	728.7
USGS	14064500	00060	5	1986	2	1192
USGS	14064500	00060	5	1986	3	1660
USGS	14064500	00060	5	1986	4	1657
USGS	14064500	00060	5	1986	5	2011
USGS	14064500	00060	5	1986	6	2355
USGS	14064500	00060	5	1986	7	2238
USGS	14064500	00060	5	1986	8	2225
USGS	14064500	00060	5	1986	9	1600
USGS	14064500	00060	5	1986	10	891.2
USGS	14064500	00060	5	1986	11	683.4
USGS	14064500	00060	5	1986	12	656.5
USGS	14064500	00060	5	1987	1	635.7
USGS	14064500	00060	5	1987	2	771.4
USGS	14064500	00060	5	1987	3	1055
USGS	14064500	00060	5	1987	4	1463
USGS	14064500	00060	5	1987	5	1972
USGS	14064500	00060	5	1987	6	2059
USGS	14064500	00060	5	1987	7	1955
USGS	14064500	00060	5	1987	8	1979
USGS	14064500	00060	5	1987	9	1786
USGS	14064500	00060	5	1987	10	927.7
USGS	14064500	00060	5	1987	11	523.0
USGS	14064500	00060	5	1987	12	598.5
USGS	14064500	00060	5	1988	1	569.3
USGS	14064500	00060	5	1988	2	596.3
USGS	14064500	00060	5	1988	3	609.3
USGS	14064500	00060	5	1988	4	1096
USGS	14064500	00060	5	1988	5	1707
USGS	14064500	00060	5	1988	6	1796
USGS	14064500	00060	5	1988	7	2025
USGS	14064500	00060	5	1988	8	1834
USGS	14064500	00060	5	1988	9	1654
USGS	14064500	00060	5	1988	10	674.3
USGS	14064500	00060	5	1988	11	548.8
USGS	14064500	00060	5	1988	12	518.5
USGS	14064500	00060	5	1989	1	514.7
USGS	14064500	00060	5	1989	2	505.6
USGS	14064500	00060	5	1989	3	686.4
USGS	14064500	00060	5	1989	4	1118
USGS	14064500	00060	5	1989	5	1682
USGS	14064500	00060	5	1989	6	2165
USGS	14064500	00060	5	1989	7	2121
USGS	14064500	00060	5	1989	8	1984
USGS	14064500	00060	5	1989	9	1813
USGS	14064500	00060	5	1989	10	904.0
USGS	14064500	00060	5	1989	11	515.3
USGS	14064500	00060	5	1989	12	524.5
USGS	14064500	00060	5	1990	1	573.7
USGS	14064500	00060	5	1990	2	536.1
USGS	14064500	00060	5	1990	3	608.6
USGS	14064500	00060	5	1990	4	1398
USGS	14064500	00060	5	1990	5	1698
USGS	14064500	00060	5	1990	6	1779
USGS	14064500	00060	5	1990	7	2113
USGS	14064500	00060	5	1990	8	1865
USGS	14064500	00060	5	1990	9	1655
USGS	14064500	00060	5	1990	10	926.4
USGS	14064500	00060	5	1990	11	502.7
USGS	14064500	00060	5	1990	12	457.8
USGS	14064500	00060	5	1991	1	492.7
USGS	14064500	00060	5	1991	2	526.0
USGS	14064500	00060	5	1991	3	562.1
USGS	14064500	00060	5	1991	4	1017
USGS	14064500	00060	5	1991	5	1526
USGS	14064500	00060	5	1991	6	1749
USGS	14064500	00060	5	1991	7	1974
USGS	14064500	00060	5	1991	8	1868
USGS	14064500	00060	5	1991	9	1624
